<BackupInst xmlns="http://www.microsoft.com/GroupPolicy/GPOOperations/Manifest"><GPOGuid><![CDATA[{F906BDD2-8B69-4301-8EBA-157125AFCC34}]]></GPOGuid><GPODomain><![CDATA[Test.local]]></GPODomain><GPODomainGuid><![CDATA[{5ae94639-3cfb-42f0-a668-2f4e97a8d1e9}]]></GPODomainGuid><GPODomainController><![CDATA[Server.Test.local]]></GPODomainController><BackupTime><![CDATA[2022-04-20T20:43:55]]></BackupTime><ID><![CDATA[{EB076832-10FF-439D-AE58-3E7FF0ABB799}]]></ID><Comment><![CDATA[]]></Comment><GPODisplayName><![CDATA[Defender]]></GPODisplayName></BackupInst>
