<BackupInst xmlns="http://www.microsoft.com/GroupPolicy/GPOOperations/Manifest"><GPOGuid><![CDATA[{4FA895FE-5EED-40C4-BF99-EC9D5255234A}]]></GPOGuid><GPODomain><![CDATA[Test.local]]></GPODomain><GPODomainGuid><![CDATA[{5ae94639-3cfb-42f0-a668-2f4e97a8d1e9}]]></GPODomainGuid><GPODomainController><![CDATA[Server.Test.local]]></GPODomainController><BackupTime><![CDATA[2022-04-21T19:38:22]]></BackupTime><ID><![CDATA[{4CE1D07A-ED97-4DA8-A257-1A81A7B1EA89}]]></ID><Comment><![CDATA[]]></Comment><GPODisplayName><![CDATA[Applocker]]></GPODisplayName></BackupInst>
