{
  "id": "/subscriptions/a9261529-2c52-4d00-95f5-89e35a90a3aa/resourceGroups/BAC_2_pratical/providers/Microsoft.Resources/deployments/CreateVm-MicrosoftWindowsDesktop.Windows-10-win10-20220408101513",
  "name": "CreateVm-MicrosoftWindowsDesktop.Windows-10-win10-20220408101513",
  "type": "Microsoft.Resources/deployments",
  "tags": {
    "primaryResourceId": "/subscriptions/a9261529-2c52-4d00-95f5-89e35a90a3aa/resourcegroups/BAC_2_pratical/providers/Microsoft.Compute/virtualMachines/BAC2SecurityImplementation",
    "marketplaceItemId": "Microsoft.VirtualMachine-ARM",
    "provisioningHash": "SolutionProvider"
  },
  "properties": {
    "templateHash": "966676716563261160",
    "parameters": {
      "location": {
        "type": "String",
        "value": "northeurope"
      },
      "networkInterfaceName": {
        "type": "String",
        "value": "bac2securityimple774"
      },
      "enableAcceleratedNetworking": {
        "type": "Bool",
        "value": true
      },
      "networkSecurityGroupName": {
        "type": "String",
        "value": "BAC2SecurityImplementation-nsg"
      },
      "networkSecurityGroupRules": {
        "type": "Array",
        "value": [
          {
            "name": "RDP",
            "properties": {
              "priority": 300,
              "protocol": "TCP",
              "access": "Allow",
              "direction": "Inbound",
              "sourceAddressPrefix": "*",
              "sourcePortRange": "*",
              "destinationAddressPrefix": "*",
              "destinationPortRange": "3389"
            }
          },
          {
            "name": "SSH",
            "properties": {
              "priority": 320,
              "protocol": "TCP",
              "access": "Allow",
              "direction": "Inbound",
              "sourceAddressPrefix": "*",
              "sourcePortRange": "*",
              "destinationAddressPrefix": "*",
              "destinationPortRange": "22"
            }
          },
          {
            "name": "HTTPS",
            "properties": {
              "priority": 340,
              "protocol": "TCP",
              "access": "Allow",
              "direction": "Inbound",
              "sourceAddressPrefix": "*",
              "sourcePortRange": "*",
              "destinationAddressPrefix": "*",
              "destinationPortRange": "443"
            }
          },
          {
            "name": "HTTP",
            "properties": {
              "priority": 360,
              "protocol": "TCP",
              "access": "Allow",
              "direction": "Inbound",
              "sourceAddressPrefix": "*",
              "sourcePortRange": "*",
              "destinationAddressPrefix": "*",
              "destinationPortRange": "80"
            }
          }
        ]
      },
      "subnetName": {
        "type": "String",
        "value": "default"
      },
      "virtualNetworkName": {
        "type": "String",
        "value": "BAC_2_pratical-vnet"
      },
      "addressPrefixes": {
        "type": "Array",
        "value": [
          "10.1.0.0/16"
        ]
      },
      "subnets": {
        "type": "Array",
        "value": [
          {
            "name": "default",
            "properties": {
              "addressPrefix": "10.1.0.0/24"
            }
          }
        ]
      },
      "publicIpAddressName": {
        "type": "String",
        "value": "BAC2SecurityImplementation-ip"
      },
      "publicIpAddressType": {
        "type": "String",
        "value": "Static"
      },
      "publicIpAddressSku": {
        "type": "String",
        "value": "Basic"
      },
      "pipDeleteOption": {
        "type": "String",
        "value": "Delete"
      },
      "virtualMachineName": {
        "type": "String",
        "value": "BAC2SecurityImplementation"
      },
      "virtualMachineComputerName": {
        "type": "String",
        "value": "BAC2SecurityImp"
      },
      "virtualMachineRG": {
        "type": "String",
        "value": "BAC_2_pratical"
      },
      "osDiskType": {
        "type": "String",
        "value": "Premium_LRS"
      },
      "osDiskDeleteOption": {
        "type": "String",
        "value": "Delete"
      },
      "dataDisks": {
        "type": "Array",
        "value": [
          {
            "lun": 0,
            "createOption": "attach",
            "deleteOption": "Delete",
            "caching": "ReadOnly",
            "writeAcceleratorEnabled": false,
            "id": null,
            "name": "BAC2SecurityImplementation_DataDisk_0",
            "storageAccountType": null,
            "diskSizeGB": null,
            "diskEncryptionSet": null
          }
        ]
      },
      "dataDiskResources": {
        "type": "Array",
        "value": [
          {
            "name": "BAC2SecurityImplementation_DataDisk_0",
            "sku": "Premium_LRS",
            "properties": {
              "diskSizeGB": 64,
              "creationData": {
                "createOption": "empty"
              }
            }
          }
        ]
      },
      "virtualMachineSize": {
        "type": "String",
        "value": "Standard_D2as_v4"
      },
      "nicDeleteOption": {
        "type": "String",
        "value": "Delete"
      },
      "adminUsername": {
        "type": "String",
        "value": ""
      },
      "adminPassword": {
        "type": "SecureString"
      },
      "patchMode": {
        "type": "String",
        "value": "AutomaticByOS"
      },
      "enableHotpatching": {
        "type": "Bool",
        "value": false
      },
      "securityType": {
        "type": "String",
        "value": "TrustedLaunch"
      },
      "secureBoot": {
        "type": "Bool",
        "value": true
      },
      "vTPM": {
        "type": "Bool",
        "value": true
      }
    },
    "mode": "Incremental",
    "debugSetting": {
      "detailLevel": "None"
    },
    "provisioningState": "Running",
    "timestamp": "2022-04-08T08:28:31.2845877Z",
    "duration": "PT2.5985526S",
    "correlationId": "2ec87980-f16f-406a-afe7-1618a366ed21",
    "providers": [
      {
        "namespace": "Microsoft.Network",
        "resourceTypes": [
          {
            "resourceType": "networkInterfaces",
            "locations": [
              "northeurope"
            ]
          },
          {
            "resourceType": "networkSecurityGroups",
            "locations": [
              "northeurope"
            ]
          },
          {
            "resourceType": "virtualNetworks",
            "locations": [
              "northeurope"
            ]
          },
          {
            "resourceType": "publicIpAddresses",
            "locations": [
              "northeurope"
            ]
          }
        ]
      },
      {
        "namespace": "Microsoft.Compute",
        "resourceTypes": [
          {
            "resourceType": "virtualMachines",
            "locations": [
              "northeurope"
            ]
          },
          {
            "resourceType": "disks",
            "locations": [
              "northeurope"
            ]
          }
        ]
      }
    ],
    "dependencies": [
      {
        "dependsOn": [
          {
            "id": "/subscriptions/a9261529-2c52-4d00-95f5-89e35a90a3aa/resourceGroups/BAC_2_pratical/providers/Microsoft.Network/networkSecurityGroups/BAC2SecurityImplementation-nsg",
            "resourceType": "Microsoft.Network/networkSecurityGroups",
            "resourceName": "BAC2SecurityImplementation-nsg"
          },
          {
            "id": "/subscriptions/a9261529-2c52-4d00-95f5-89e35a90a3aa/resourceGroups/BAC_2_pratical/providers/Microsoft.Network/virtualNetworks/BAC_2_pratical-vnet",
            "resourceType": "Microsoft.Network/virtualNetworks",
            "resourceName": "BAC_2_pratical-vnet"
          },
          {
            "id": "/subscriptions/a9261529-2c52-4d00-95f5-89e35a90a3aa/resourceGroups/BAC_2_pratical/providers/Microsoft.Network/publicIpAddresses/BAC2SecurityImplementation-ip",
            "resourceType": "Microsoft.Network/publicIpAddresses",
            "resourceName": "BAC2SecurityImplementation-ip"
          }
        ],
        "id": "/subscriptions/a9261529-2c52-4d00-95f5-89e35a90a3aa/resourceGroups/BAC_2_pratical/providers/Microsoft.Network/networkInterfaces/bac2securityimple774",
        "resourceType": "Microsoft.Network/networkInterfaces",
        "resourceName": "bac2securityimple774"
      },
      {
        "dependsOn": [
          {
            "id": "/subscriptions/a9261529-2c52-4d00-95f5-89e35a90a3aa/resourceGroups/BAC_2_pratical/providers/Microsoft.Compute/disks/BAC2SecurityImplementation_DataDisk_0",
            "resourceType": "Microsoft.Compute/disks",
            "resourceName": "BAC2SecurityImplementation_DataDisk_0"
          },
          {
            "id": "/subscriptions/a9261529-2c52-4d00-95f5-89e35a90a3aa/resourceGroups/BAC_2_pratical/providers/Microsoft.Network/networkInterfaces/bac2securityimple774",
            "resourceType": "Microsoft.Network/networkInterfaces",
            "resourceName": "bac2securityimple774"
          }
        ],
        "id": "/subscriptions/a9261529-2c52-4d00-95f5-89e35a90a3aa/resourceGroups/BAC_2_pratical/providers/Microsoft.Compute/virtualMachines/BAC2SecurityImplementation",
        "resourceType": "Microsoft.Compute/virtualMachines",
        "resourceName": "BAC2SecurityImplementation"
      }
    ],
    "validationLevel": "Template"
  }
}