<Backups xmlns="http://www.microsoft.com/GroupPolicy/GPOOperations/Manifest" xmlns:mfst="http://www.microsoft.com/GroupPolicy/GPOOperations/Manifest" mfst:version="1.0"><BackupInst><GPOGuid><![CDATA[{86B3DED6-D0FB-468D-837A-8007A26E4447}]]></GPOGuid><GPODomain><![CDATA[security.local]]></GPODomain><GPODomainGuid><![CDATA[{6f0514af-6cc4-48d1-b2ef-2310ad5fc57b}]]></GPODomainGuid><GPODomainController><![CDATA[DC-SEC-01.security.local]]></GPODomainController><BackupTime><![CDATA[2022-01-14T19:12:48]]></BackupTime><ID><![CDATA[{29D42EA1-A2E0-46D9-AEC4-9913624497BE}]]></ID><Comment><![CDATA[]]></Comment><GPODisplayName><![CDATA[MSFT Edge Version 97 - Computer]]></GPODisplayName></BackupInst></Backups>