<?xml version="1.0" encoding="utf-8"?>
<ScheduledTasks clsid="{CC63F200-7309-4ba0-B154-A71CD118DBCC}"><ImmediateTaskV2 clsid="{9756B581-76EC-4169-9AFC-0CA8D43ADB5F}" name="HardeningSkript" image="0" changed="2022-04-21 20:38:29" uid="{DA398BDF-DD86-4A98-BDE8-8948848C7F68}" userContext="0" removePolicy="0"><Properties action="C" name="HardeningSkript" runAs="%LogonDomain%\%LogonUser%" logonType="InteractiveToken"><Task version="1.2"><RegistrationInfo><Author>TESTDC\Franz</Author><Description></Description></RegistrationInfo><Principals><Principal id="Author"><UserId>%LogonDomain%\%LogonUser%</UserId><LogonType>InteractiveToken</LogonType><RunLevel>LeastPrivilege</RunLevel></Principal></Principals><Settings><IdleSettings><Duration>PT10M</Duration><WaitTimeout>PT1H</WaitTimeout><StopOnIdleEnd>true</StopOnIdleEnd><RestartOnIdle>false</RestartOnIdle></IdleSettings><MultipleInstancesPolicy>IgnoreNew</MultipleInstancesPolicy><DisallowStartIfOnBatteries>true</DisallowStartIfOnBatteries><StopIfGoingOnBatteries>true</StopIfGoingOnBatteries><AllowHardTerminate>true</AllowHardTerminate><StartWhenAvailable>true</StartWhenAvailable><RunOnlyIfNetworkAvailable>false</RunOnlyIfNetworkAvailable><AllowStartOnDemand>true</AllowStartOnDemand><Enabled>true</Enabled><Hidden>false</Hidden><RunOnlyIfIdle>false</RunOnlyIfIdle><WakeToRun>false</WakeToRun><ExecutionTimeLimit>P3D</ExecutionTimeLimit><Priority>7</Priority><DeleteExpiredTaskAfter>PT0S</DeleteExpiredTaskAfter></Settings><Triggers><TimeTrigger><StartBoundary>%LocalTimeXmlEx%</StartBoundary><EndBoundary>%LocalTimeXmlEx%</EndBoundary><Enabled>true</Enabled></TimeTrigger></Triggers><Actions Context="Author"><Exec><Command>\\Test.local\SysVol\Test.local\Policies\{4EC76B64-95C7-46E0-893D-610944A34404}\User\Scripts\Logon\Hardining.bat</Command></Exec>
				</Actions></Task></Properties><Filters><FilterRunOnce hidden="1" not="0" bool="AND" id="{6112BDAD-D848-4876-97CC-33B667075E15}"/>
		</Filters></ImmediateTaskV2>
</ScheduledTasks>
