{
    "$schema": "https://schema.management.azure.com/schemas/2015-01-01/deploymentParameters.json#",
    "contentVersion": "1.0.0.0",
    "parameters": {
        "location": {
            "value": "northeurope"
        },
        "networkInterfaceName": {
            "value": "server398"
        },
        "enableAcceleratedNetworking": {
            "value": true
        },
        "networkSecurityGroupName": {
            "value": "Servernsg661"
        },
        "networkSecurityGroupRules": {
            "value": [
                {
                    "name": "RDP",
                    "properties": {
                        "priority": 300,
                        "protocol": "TCP",
                        "access": "Allow",
                        "direction": "Inbound",
                        "sourceAddressPrefix": "*",
                        "sourcePortRange": "*",
                        "destinationAddressPrefix": "*",
                        "destinationPortRange": "3389"
                    }
                }
            ]
        },
        "subnetName": {
            "value": "default"
        },
        "virtualNetworkId": {
            "value": "/subscriptions/a9261529-2c52-4d00-95f5-89e35a90a3aa/resourceGroups/BAC_2_pratical/providers/Microsoft.Network/virtualNetworks/BAC_2_pratical-vnet"
        },
        "publicIpAddressName": {
            "value": "Server-ip"
        },
        "publicIpAddressType": {
            "value": "Dynamic"
        },
        "publicIpAddressSku": {
            "value": "Basic"
        },
        "pipDeleteOption": {
            "value": "Delete"
        },
        "virtualMachineName": {
            "value": "Server"
        },
        "virtualMachineComputerName": {
            "value": "Server"
        },
        "virtualMachineRG": {
            "value": "BAC_2_pratical"
        },
        "osDiskType": {
            "value": "StandardSSD_LRS"
        },
        "osDiskDeleteOption": {
            "value": "Delete"
        },
        "virtualMachineSize": {
            "value": "Standard_D2as_v4"
        },
        "nicDeleteOption": {
            "value": "Delete"
        },
        "adminUsername": {
            "value": "Franz"
        },
        "adminPassword": {
            "value": null
        },
        "patchMode": {
            "value": "AutomaticByOS"
        },
        "enableHotpatching": {
            "value": false
        },
        "autoShutdownStatus": {
            "value": "Enabled"
        },
        "autoShutdownTime": {
            "value": "00:00"
        },
        "autoShutdownTimeZone": {
            "value": "UTC"
        },
        "autoShutdownNotificationStatus": {
            "value": "Enabled"
        },
        "autoShutdownNotificationLocale": {
            "value": "en"
        },
        "autoShutdownNotificationEmail": {
            "value": "fhs44747@fh-salzburg.ac.at"
        }
    }
}