<?xml version="1.0" encoding="utf-8"?>
<FolderOptions clsid="{8AB5F5D7-F676-48ab-A94E-1186E120EFDC}"><OpenWith clsid="{100B9C09-906A-4f5a-9C41-1BD98B6CA022}" name="wsf" image="2" changed="2022-04-21 18:30:59" uid="{13FE6AAD-C977-4468-A951-1CF7D4950598}" userContext="1" removePolicy="0"><Properties action="U" fileExtension="wsf" applicationPath="%WinDir%\System32.notepad.exe" default="1"/></OpenWith>
	<OpenWith clsid="{100B9C09-906A-4f5a-9C41-1BD98B6CA022}" name="js" userContext="1" image="2" changed="2022-04-21 18:31:09" uid="{789E8021-E1FB-480C-9418-3CC21AFE7439}"><Properties action="U" fileExtension="js" applicationPath="%WinDir%\System32.notepad.exe" default="1"/></OpenWith>
	<OpenWith clsid="{100B9C09-906A-4f5a-9C41-1BD98B6CA022}" name="bat" userContext="1" image="2" changed="2022-04-21 18:31:22" uid="{B931AB5A-4C2E-4CDE-94C3-C7F6FAF71ABC}"><Properties action="U" fileExtension="bat" applicationPath="%WinDir%\System32.notepad.exe" default="1"/></OpenWith>
	<OpenWith clsid="{100B9C09-906A-4f5a-9C41-1BD98B6CA022}" name="slk" userContext="1" image="2" changed="2022-04-21 18:31:41" uid="{63C0131D-68CC-473C-B453-9606AD8AF376}"><Properties action="U" fileExtension="slk" applicationPath="%WinDir%\System32.notepad.exe" default="1"/></OpenWith>
	<OpenWith clsid="{100B9C09-906A-4f5a-9C41-1BD98B6CA022}" name="hta" userContext="1" image="2" changed="2022-04-21 18:31:54" uid="{DFF40BCF-43BA-4B69-8B2C-8C372A5D4F98}"><Properties action="U" fileExtension="hta" applicationPath="%WinDir%\System32.notepad.exe" default="1"/></OpenWith>
	<OpenWith clsid="{100B9C09-906A-4f5a-9C41-1BD98B6CA022}" name="vbs" userContext="1" image="2" changed="2022-04-21 18:32:03" uid="{DC80B372-7AEB-47CD-A7E9-8B0D7C83A455}"><Properties action="U" fileExtension="vbs" applicationPath="%WinDir%\System32.notepad.exe" default="1"/></OpenWith>
</FolderOptions>
