<BackupInst xmlns="http://www.microsoft.com/GroupPolicy/GPOOperations/Manifest"><GPOGuid><![CDATA[{74693C64-F96D-482F-9697-E05A751D7DF4}]]></GPOGuid><GPODomain><![CDATA[Test.local]]></GPODomain><GPODomainGuid><![CDATA[{5ae94639-3cfb-42f0-a668-2f4e97a8d1e9}]]></GPODomainGuid><GPODomainController><![CDATA[Server.Test.local]]></GPODomainController><BackupTime><![CDATA[2022-04-25T19:06:02]]></BackupTime><ID><![CDATA[{69593844-2A90-4D43-8C34-DAF6EDEA01E8}]]></ID><Comment><![CDATA[]]></Comment><GPODisplayName><![CDATA[Monitoring]]></GPODisplayName></BackupInst>
