<BackupInst xmlns="http://www.microsoft.com/GroupPolicy/GPOOperations/Manifest"><GPOGuid><![CDATA[{54106BC7-25D2-4721-9065-DEECFFDA4CB6}]]></GPOGuid><GPODomain><![CDATA[Test.local]]></GPODomain><GPODomainGuid><![CDATA[{5ae94639-3cfb-42f0-a668-2f4e97a8d1e9}]]></GPODomainGuid><GPODomainController><![CDATA[Server.Test.local]]></GPODomainController><BackupTime><![CDATA[2022-04-19T19:41:29]]></BackupTime><ID><![CDATA[{12406D13-7B68-4143-A90B-3EDFBFDCA4D3}]]></ID><Comment><![CDATA[]]></Comment><GPODisplayName><![CDATA[StandardUser]]></GPODisplayName></BackupInst>
