<BackupInst xmlns="http://www.microsoft.com/GroupPolicy/GPOOperations/Manifest"><GPOGuid><![CDATA[{1E09506E-8BB0-4C1C-AB6F-24624566520C}]]></GPOGuid><GPODomain><![CDATA[Test.local]]></GPODomain><GPODomainGuid><![CDATA[{5ae94639-3cfb-42f0-a668-2f4e97a8d1e9}]]></GPODomainGuid><GPODomainController><![CDATA[Server.Test.local]]></GPODomainController><BackupTime><![CDATA[2022-04-17T19:10:18]]></BackupTime><ID><![CDATA[{E4DEFC66-A99C-4990-AA3F-FFA82C864C89}]]></ID><Comment><![CDATA[]]></Comment><GPODisplayName><![CDATA[Manual_01]]></GPODisplayName></BackupInst>
