<BackupInst xmlns="http://www.microsoft.com/GroupPolicy/GPOOperations/Manifest"><GPOGuid><![CDATA[{C4A1871B-A03E-4011-9AFC-FE817EF14DDB}]]></GPOGuid><GPODomain><![CDATA[Test.local]]></GPODomain><GPODomainGuid><![CDATA[{5ae94639-3cfb-42f0-a668-2f4e97a8d1e9}]]></GPODomainGuid><GPODomainController><![CDATA[Server.Test.local]]></GPODomainController><BackupTime><![CDATA[2022-04-17T21:26:14]]></BackupTime><ID><![CDATA[{72A14C72-EC9D-46CE-9AC0-86C635CCBCAB}]]></ID><Comment><![CDATA[]]></Comment><GPODisplayName><![CDATA[Manual_02]]></GPODisplayName></BackupInst>
