<BackupInst xmlns="http://www.microsoft.com/GroupPolicy/GPOOperations/Manifest"><GPOGuid><![CDATA[{E82E12E3-F051-4CDF-889D-6DC86C195247}]]></GPOGuid><GPODomain><![CDATA[Test.local]]></GPODomain><GPODomainGuid><![CDATA[{5ae94639-3cfb-42f0-a668-2f4e97a8d1e9}]]></GPODomainGuid><GPODomainController><![CDATA[Server.Test.local]]></GPODomainController><BackupTime><![CDATA[2022-04-17T23:24:47]]></BackupTime><ID><![CDATA[{DD8002A9-45F4-4BFB-97F4-E2E8AEAFC5C6}]]></ID><Comment><![CDATA[]]></Comment><GPODisplayName><![CDATA[Bitlocker]]></GPODisplayName></BackupInst>
