<?xml version="1.0" encoding="utf-8"?><!-- Copyright (c) Microsoft Corporation.  All rights reserved. --><GroupPolicyBackupScheme bkp:version="2.0" bkp:type="GroupPolicyBackupTemplate" xmlns:bkp="http://www.microsoft.com/GroupPolicy/GPOOperations" xmlns="http://www.microsoft.com/GroupPolicy/GPOOperations">
    <GroupPolicyObject><SecurityGroups><Group bkp:Source="FromDACL"><Sid><![CDATA[S-1-5-21-1852367183-4202009461-2683659416-519]]></Sid><SamAccountName><![CDATA[Enterprise Admins]]></SamAccountName><Type><![CDATA[UniversalGroup]]></Type><NetBIOSDomainName><![CDATA[TESTDC]]></NetBIOSDomainName><DnsDomainName><![CDATA[Test.local]]></DnsDomainName><UPN><![CDATA[Enterprise Admins@Test.local]]></UPN></Group><Group bkp:Source="FromDACL"><Sid><![CDATA[S-1-5-21-1852367183-4202009461-2683659416-512]]></Sid><SamAccountName><![CDATA[Domain Admins]]></SamAccountName><Type><![CDATA[GlobalGroup]]></Type><NetBIOSDomainName><![CDATA[TESTDC]]></NetBIOSDomainName><DnsDomainName><![CDATA[Test.local]]></DnsDomainName><UPN><![CDATA[Domain Admins@Test.local]]></UPN></Group></SecurityGroups><FilePaths/><GroupPolicyCoreSettings><ID><![CDATA[{4EC76B64-95C7-46E0-893D-610944A34404}]]></ID><Domain><![CDATA[Test.local]]></Domain><SecurityDescriptor>01 00 04 9c 00 00 00 00 00 00 00 00 00 00 00 00 14 00 00 00 04 00 ec 00 08 00 00 00 05 02 28 00 00 01 00 00 01 00 00 00 8f fd ac ed b3 ff d1 11 b4 1d 00 a0 c9 68 f9 39 01 01 00 00 00 00 00 05 0b 00 00 00 00 00 24 00 ff 00 0f 00 01 05 00 00 00 00 00 05 15 00 00 00 4f e1 68 6e 75 93 75 fa 98 64 f5 9f 00 02 00 00 00 02 24 00 ff 00 0f 00 01 05 00 00 00 00 00 05 15 00 00 00 4f e1 68 6e 75 93 75 fa 98 64 f5 9f 00 02 00 00 00 02 24 00 ff 00 0f 00 01 05 00 00 00 00 00 05 15 00 00 00 4f e1 68 6e 75 93 75 fa 98 64 f5 9f 07 02 00 00 00 02 14 00 94 00 02 00 01 01 00 00 00 00 00 05 09 00 00 00 00 02 14 00 94 00 02 00 01 01 00 00 00 00 00 05 0b 00 00 00 00 02 14 00 ff 00 0f 00 01 01 00 00 00 00 00 05 12 00 00 00 00 0a 14 00 ff 00 0f 00 01 01 00 00 00 00 00 03 00 00 00 00</SecurityDescriptor><DisplayName><![CDATA[FirewallOfficeRegistry]]></DisplayName><Options><![CDATA[0]]></Options><UserVersionNumber><![CDATA[327685]]></UserVersionNumber><MachineVersionNumber><![CDATA[0]]></MachineVersionNumber><MachineExtensionGuids/><UserExtensionGuids><![CDATA[[{00000000-0000-0000-0000-000000000000}{CAB54552-DEEA-4691-817E-ED4A4D1AFC72}][{42B5FAAE-6536-11D2-AE5A-0000F87571E3}{40B66650-4972-11D1-A7CA-0000F87571E3}][{AADCED64-746C-4633-A97C-D61349046527}{CAB54552-DEEA-4691-817E-ED4A4D1AFC72}]]]></UserExtensionGuids><WMIFilter/></GroupPolicyCoreSettings> 
        <GroupPolicyExtension bkp:ID="{35378EAC-683F-11D2-A89A-00C04FBBCFA2}" bkp:DescName="Registry">
            
            
            <FSObjectFile bkp:Path="%GPO_FSPATH%\Adm\*.*" bkp:SourceExpandedPath="\\Server.Test.local\sysvol\Test.local\Policies\{4EC76B64-95C7-46E0-893D-610944A34404}\Adm\*.*"/>
        </GroupPolicyExtension>
        
        
        <GroupPolicyExtension bkp:ID="{42B5FAAE-6536-11d2-AE5A-0000F87571E3}" bkp:DescName="Scripts">
            
	    
            <FSObjectDir bkp:Path="%GPO_MACH_FSPATH%\Scripts\Startup\*" bkp:SourceExpandedPath="\\Server.Test.local\sysvol\Test.local\Policies\{4EC76B64-95C7-46E0-893D-610944A34404}\Machine\Scripts\Startup\*"/>
            <FSObjectFile bkp:Path="%GPO_MACH_FSPATH%\Scripts\Startup\*" bkp:SourceExpandedPath="\\Server.Test.local\sysvol\Test.local\Policies\{4EC76B64-95C7-46E0-893D-610944A34404}\Machine\Scripts\Startup\*"/>
            <FSObjectDir bkp:Path="%GPO_MACH_FSPATH%\Scripts\Shutdown\*" bkp:SourceExpandedPath="\\Server.Test.local\sysvol\Test.local\Policies\{4EC76B64-95C7-46E0-893D-610944A34404}\Machine\Scripts\Shutdown\*"/>
            <FSObjectFile bkp:Path="%GPO_MACH_FSPATH%\Scripts\Shutdown\*" bkp:SourceExpandedPath="\\Server.Test.local\sysvol\Test.local\Policies\{4EC76B64-95C7-46E0-893D-610944A34404}\Machine\Scripts\Shutdown\*"/>
            <FSObjectFile bkp:Path="%GPO_USER_FSPATH%\Scripts\scripts.ini" bkp:SourceExpandedPath="\\Server.Test.local\sysvol\Test.local\Policies\{4EC76B64-95C7-46E0-893D-610944A34404}\User\Scripts\scripts.ini" bkp:ReEvaluateFunction="ScriptsValidatePaths" bkp:Location="DomainSysvol\GPO\User\Scripts\scripts.ini"/>
	    
            <FSObjectDir bkp:Path="%GPO_USER_FSPATH%\Scripts\Logon\*" bkp:SourceExpandedPath="\\Server.Test.local\sysvol\Test.local\Policies\{4EC76B64-95C7-46E0-893D-610944A34404}\User\Scripts\Logon\*"><FSObjectDir bkp:Path="%GPO_USER_FSPATH%\Scripts\Logon" bkp:SourceExpandedPath="\\Server.Test.local\sysvol\Test.local\Policies\{4EC76B64-95C7-46E0-893D-610944A34404}\User\Scripts\Logon" bkp:Location="DomainSysvol\GPO\User\Scripts\Logon"/></FSObjectDir>
            <FSObjectFile bkp:Path="%GPO_USER_FSPATH%\Scripts\Logon\*" bkp:SourceExpandedPath="\\Server.Test.local\sysvol\Test.local\Policies\{4EC76B64-95C7-46E0-893D-610944A34404}\User\Scripts\Logon\*"><FSObjectFile bkp:Path="%GPO_USER_FSPATH%\Scripts\Logon\Hardining.bat" bkp:SourceExpandedPath="\\Server.Test.local\sysvol\Test.local\Policies\{4EC76B64-95C7-46E0-893D-610944A34404}\User\Scripts\Logon\Hardining.bat" bkp:Location="DomainSysvol\GPO\User\Scripts\Logon\Hardining.bat"/></FSObjectFile>
            <FSObjectDir bkp:Path="%GPO_USER_FSPATH%\Scripts\Logoff\*" bkp:SourceExpandedPath="\\Server.Test.local\sysvol\Test.local\Policies\{4EC76B64-95C7-46E0-893D-610944A34404}\User\Scripts\Logoff\*"><FSObjectDir bkp:Path="%GPO_USER_FSPATH%\Scripts\Logoff" bkp:SourceExpandedPath="\\Server.Test.local\sysvol\Test.local\Policies\{4EC76B64-95C7-46E0-893D-610944A34404}\User\Scripts\Logoff" bkp:Location="DomainSysvol\GPO\User\Scripts\Logoff"/></FSObjectDir>
            <FSObjectFile bkp:Path="%GPO_USER_FSPATH%\Scripts\Logoff\*" bkp:SourceExpandedPath="\\Server.Test.local\sysvol\Test.local\Policies\{4EC76B64-95C7-46E0-893D-610944A34404}\User\Scripts\Logoff\*"/>
        </GroupPolicyExtension>
        
        
        
        
        
        
    <GroupPolicyExtension bkp:ID="{F15C46CD-82A0-4C2D-A210-5D0D3182A418}" bkp:DescName="Unknown Extension"><FSObjectDir bkp:Path="%GPO_USER_FSPATH%\Applications" bkp:SourceExpandedPath="\\Server.Test.local\sysvol\Test.local\Policies\{4EC76B64-95C7-46E0-893D-610944A34404}\User\Applications" bkp:Location="DomainSysvol\GPO\User\Applications"/><FSObjectDir bkp:Path="%GPO_USER_FSPATH%\Documents &amp; Settings" bkp:SourceExpandedPath="\\Server.Test.local\sysvol\Test.local\Policies\{4EC76B64-95C7-46E0-893D-610944A34404}\User\Documents &amp; Settings" bkp:Location="DomainSysvol\GPO\User\Documents &amp; Settings"/><FSObjectDir bkp:Path="%GPO_USER_FSPATH%\Preferences" bkp:SourceExpandedPath="\\Server.Test.local\sysvol\Test.local\Policies\{4EC76B64-95C7-46E0-893D-610944A34404}\User\Preferences" bkp:Location="DomainSysvol\GPO\User\Preferences"/><FSObjectDir bkp:Path="%GPO_USER_FSPATH%\Preferences\ScheduledTasks" bkp:SourceExpandedPath="\\Server.Test.local\sysvol\Test.local\Policies\{4EC76B64-95C7-46E0-893D-610944A34404}\User\Preferences\ScheduledTasks" bkp:Location="DomainSysvol\GPO\User\Preferences\ScheduledTasks"/><FSObjectFile bkp:Path="%GPO_USER_FSPATH%\Preferences\ScheduledTasks\ScheduledTasks.xml" bkp:SourceExpandedPath="\\Server.Test.local\sysvol\Test.local\Policies\{4EC76B64-95C7-46E0-893D-610944A34404}\User\Preferences\ScheduledTasks\ScheduledTasks.xml" bkp:Location="DomainSysvol\GPO\User\Preferences\ScheduledTasks\ScheduledTasks.xml"/><FSObjectDir bkp:Path="%GPO_USER_FSPATH%\Scripts" bkp:SourceExpandedPath="\\Server.Test.local\sysvol\Test.local\Policies\{4EC76B64-95C7-46E0-893D-610944A34404}\User\Scripts" bkp:Location="DomainSysvol\GPO\User\Scripts"/></GroupPolicyExtension></GroupPolicyObject>
</GroupPolicyBackupScheme>