<BackupInst xmlns="http://www.microsoft.com/GroupPolicy/GPOOperations/Manifest"><GPOGuid><![CDATA[{4EC76B64-95C7-46E0-893D-610944A34404}]]></GPOGuid><GPODomain><![CDATA[Test.local]]></GPODomain><GPODomainGuid><![CDATA[{5ae94639-3cfb-42f0-a668-2f4e97a8d1e9}]]></GPODomainGuid><GPODomainController><![CDATA[Server.Test.local]]></GPODomainController><BackupTime><![CDATA[2022-04-21T20:41:52]]></BackupTime><ID><![CDATA[{25C7B07B-4D94-41F1-B2DC-F1B4C471232F}]]></ID><Comment><![CDATA[]]></Comment><GPODisplayName><![CDATA[FirewallOfficeRegistry]]></GPODisplayName></BackupInst>
