<?xml version="1.0" encoding="utf-8"?><!-- Copyright (c) Microsoft Corporation.  All rights reserved. --><GroupPolicyBackupScheme bkp:version="2.0" bkp:type="GroupPolicyBackupTemplate" xmlns:bkp="http://www.microsoft.com/GroupPolicy/GPOOperations" xmlns="http://www.microsoft.com/GroupPolicy/GPOOperations">
    <GroupPolicyObject><SecurityGroups><Group bkp:Source="FromDACL"><Sid><![CDATA[S-1-5-21-1852367183-4202009461-2683659416-519]]></Sid><SamAccountName><![CDATA[Enterprise Admins]]></SamAccountName><Type><![CDATA[UniversalGroup]]></Type><NetBIOSDomainName><![CDATA[TESTDC]]></NetBIOSDomainName><DnsDomainName><![CDATA[Test.local]]></DnsDomainName><UPN><![CDATA[Enterprise Admins@Test.local]]></UPN></Group><Group bkp:Source="FromDACL"><Sid><![CDATA[S-1-5-21-1852367183-4202009461-2683659416-512]]></Sid><SamAccountName><![CDATA[Domain Admins]]></SamAccountName><Type><![CDATA[GlobalGroup]]></Type><NetBIOSDomainName><![CDATA[TESTDC]]></NetBIOSDomainName><DnsDomainName><![CDATA[Test.local]]></DnsDomainName><UPN><![CDATA[Domain Admins@Test.local]]></UPN></Group></SecurityGroups><FilePaths/><GroupPolicyCoreSettings><ID><![CDATA[{0A13793B-6AAC-4C63-8258-7E8084BAB9CA}]]></ID><Domain><![CDATA[Test.local]]></Domain><SecurityDescriptor>01 00 04 9c 00 00 00 00 00 00 00 00 00 00 00 00 14 00 00 00 04 00 ec 00 08 00 00 00 05 02 28 00 00 01 00 00 01 00 00 00 8f fd ac ed b3 ff d1 11 b4 1d 00 a0 c9 68 f9 39 01 01 00 00 00 00 00 05 0b 00 00 00 00 00 24 00 ff 00 0f 00 01 05 00 00 00 00 00 05 15 00 00 00 4f e1 68 6e 75 93 75 fa 98 64 f5 9f 00 02 00 00 00 02 24 00 ff 00 0f 00 01 05 00 00 00 00 00 05 15 00 00 00 4f e1 68 6e 75 93 75 fa 98 64 f5 9f 00 02 00 00 00 02 24 00 ff 00 0f 00 01 05 00 00 00 00 00 05 15 00 00 00 4f e1 68 6e 75 93 75 fa 98 64 f5 9f 07 02 00 00 00 02 14 00 94 00 02 00 01 01 00 00 00 00 00 05 09 00 00 00 00 02 14 00 94 00 02 00 01 01 00 00 00 00 00 05 0b 00 00 00 00 02 14 00 ff 00 0f 00 01 01 00 00 00 00 00 05 12 00 00 00 00 0a 14 00 ff 00 0f 00 01 01 00 00 00 00 00 03 00 00 00 00</SecurityDescriptor><DisplayName><![CDATA[Manual_03]]></DisplayName><Options><![CDATA[0]]></Options><UserVersionNumber><![CDATA[917518]]></UserVersionNumber><MachineVersionNumber><![CDATA[0]]></MachineVersionNumber><MachineExtensionGuids/><UserExtensionGuids><![CDATA[[{00000000-0000-0000-0000-000000000000}{3BFAE46A-7F3A-467B-8CEA-6AA34DC71F53}][{A3F3E39B-5D83-4940-B954-28315B82F0A8}{3BFAE46A-7F3A-467B-8CEA-6AA34DC71F53}]]]></UserExtensionGuids><WMIFilter/></GroupPolicyCoreSettings> 
        <GroupPolicyExtension bkp:ID="{35378EAC-683F-11D2-A89A-00C04FBBCFA2}" bkp:DescName="Registry">
            
            
            <FSObjectFile bkp:Path="%GPO_FSPATH%\Adm\*.*" bkp:SourceExpandedPath="\\Server.Test.local\sysvol\Test.local\Policies\{0A13793B-6AAC-4C63-8258-7E8084BAB9CA}\Adm\*.*"/>
        </GroupPolicyExtension>
        
        
        
        
        
        
        
        
        
    <GroupPolicyExtension bkp:ID="{F15C46CD-82A0-4C2D-A210-5D0D3182A418}" bkp:DescName="Unknown Extension"><FSObjectDir bkp:Path="%GPO_MACH_FSPATH%\Scripts" bkp:SourceExpandedPath="\\Server.Test.local\sysvol\Test.local\Policies\{0A13793B-6AAC-4C63-8258-7E8084BAB9CA}\Machine\Scripts" bkp:Location="DomainSysvol\GPO\Machine\Scripts"/><FSObjectDir bkp:Path="%GPO_MACH_FSPATH%\Scripts\Shutdown" bkp:SourceExpandedPath="\\Server.Test.local\sysvol\Test.local\Policies\{0A13793B-6AAC-4C63-8258-7E8084BAB9CA}\Machine\Scripts\Shutdown" bkp:Location="DomainSysvol\GPO\Machine\Scripts\Shutdown"/><FSObjectDir bkp:Path="%GPO_MACH_FSPATH%\Scripts\Startup" bkp:SourceExpandedPath="\\Server.Test.local\sysvol\Test.local\Policies\{0A13793B-6AAC-4C63-8258-7E8084BAB9CA}\Machine\Scripts\Startup" bkp:Location="DomainSysvol\GPO\Machine\Scripts\Startup"/><FSObjectDir bkp:Path="%GPO_USER_FSPATH%\Preferences" bkp:SourceExpandedPath="\\Server.Test.local\sysvol\Test.local\Policies\{0A13793B-6AAC-4C63-8258-7E8084BAB9CA}\User\Preferences" bkp:Location="DomainSysvol\GPO\User\Preferences"/><FSObjectDir bkp:Path="%GPO_USER_FSPATH%\Preferences\FolderOptions" bkp:SourceExpandedPath="\\Server.Test.local\sysvol\Test.local\Policies\{0A13793B-6AAC-4C63-8258-7E8084BAB9CA}\User\Preferences\FolderOptions" bkp:Location="DomainSysvol\GPO\User\Preferences\FolderOptions"/><FSObjectFile bkp:Path="%GPO_USER_FSPATH%\Preferences\FolderOptions\FolderOptions.xml" bkp:SourceExpandedPath="\\Server.Test.local\sysvol\Test.local\Policies\{0A13793B-6AAC-4C63-8258-7E8084BAB9CA}\User\Preferences\FolderOptions\FolderOptions.xml" bkp:Location="DomainSysvol\GPO\User\Preferences\FolderOptions\FolderOptions.xml"/></GroupPolicyExtension></GroupPolicyObject>
</GroupPolicyBackupScheme>