<BackupInst xmlns="http://www.microsoft.com/GroupPolicy/GPOOperations/Manifest"><GPOGuid><![CDATA[{0A13793B-6AAC-4C63-8258-7E8084BAB9CA}]]></GPOGuid><GPODomain><![CDATA[Test.local]]></GPODomain><GPODomainGuid><![CDATA[{5ae94639-3cfb-42f0-a668-2f4e97a8d1e9}]]></GPODomainGuid><GPODomainController><![CDATA[Server.Test.local]]></GPODomainController><BackupTime><![CDATA[2022-04-21T18:32:18]]></BackupTime><ID><![CDATA[{E962C0C0-70C9-4AC8-8D39-9955BC760896}]]></ID><Comment><![CDATA[File_Redirection]]></Comment><GPODisplayName><![CDATA[Manual_03]]></GPODisplayName></BackupInst>
